#,TITLE,ARTIST,RELEASE,BPM,ENERGY,DANCE,LOUD,VALENCE,LENGTH,ACOUSTIC,POP.,RND
1,Give You Up - Darius Remix,Crayon,2013,108,51,85,-9,66,0.2256944444,37,49,5606
2,Feelin' Good - Edit,Laurent Garnier,43651,126,71,59,-13,37,0.1902777778,0,35,7178
3,Under The Moon - Cassius Remix - Edit,Claptone,43224,121,51,78,-11,12,0.1625,1,56,9664
4,Imported Goods,Action Bronson,40417,93,94,62,-6,68,0.1736111111,16,46,8521
5,Easy Rider,Action Bronson,42086,94,85,42,-4,67,0.1798611111,3,52,8232
6,Actin Crazy,Action Bronson,42086,166,62,50,-7,25,0.1659722222,20,54,4472
7,Smile (with Alex Gopher & Asher Roth) - Vocal Mix,Étienne de Crécy,42258,120,74,80,-8,59,0.1430555556,0,43,5131
8,Pleasure - Live,Justice,42937,115,66,62,-7,30,0.1541666667,2,1,2507
9,Intro,Kanye West,38030,80,37,75,-14,37,0.01319444444,31,0,8149
10,We Don't Care,Kanye West,38030,83,74,64,-6,61,0.1666666667,1,15,1125
11,Graduation Day,Kanye West,38030,170,44,42,-9,83,0.05694444444,68,8,1038
12,I'll Fly Away,Kanye West,38030,172,27,24,-11,52,0.04861111111,72,9,2889
13,Spaceship,Kanye West,38030,178,77,52,-5,65,0.225,51,15,2414
14,Jesus Walks,Kanye West,38030,85,84,43,-5,72,0.1347222222,58,26,1776
15,Never Let Me Down,Kanye West,38030,81,81,47,-5,64,0.225,39,14,6873
16,Get Em High,Kanye West,38030,93,65,60,-6,64,0.2006944444,20,14,6496
17,Workout Plan,Kanye West,38030,114,29,71,-14,75,0.03194444444,84,7,1297
18,The New Workout Plan,Kanye West,38030,118,77,70,-5,62,0.2243055556,1,19,8694
19,Slow Jamz,Twista,38030,145,74,57,-6,59,0.2194444444,37,21,3293
20,Breathe In Breathe Out,Kanye West,38030,83,72,53,-3,92,0.1715277778,34,10,9110
21,School Spirit Skit 1,Kanye West,38030,92,20,73,-15,63,0.05486111111,35,5,761
22,School Spirit,Kanye West,38030,86,80,51,-5,65,0.1263888889,29,11,9942
23,School Spirit Skit 2,Kanye West,38030,94,29,74,-13,85,0.03055555556,33,5,8268
24,Lil Jimmy Skit,Kanye West,38030,127,27,60,-12,76,0.0375,78,5,3547
25,Two Words,Kanye West,38030,85,81,56,-5,53,0.1847222222,2,10,9627
26,Through The Wire,Kanye West,38030,83,75,55,-6,62,0.1534722222,1,23,7840
27,Family Business,Kanye West,38030,94,53,73,-7,55,0.19375,16,15,7096
28,Last Call,Kanye West,38030,83,73,51,-7,86,0.5284722222,57,11,7040
29,L'impératrice,L'Impératrice,41204,98,78,69,-8,15,0.2118055556,69,39,3695
30,Vanille fraise,L'Impératrice,2015,103,55,77,-11,66,0.1652777778,4,62,6936
31,Fuck You,CeeLo Green,40491,127,83,69,-6,74,0.1548611111,13,63,569
32,Come and Get Your Love - Single Edit,Redbone,26969,107,80,73,-8,96,0.1430555556,17,77,4752
33,The Makings of You,Curtis Mayfield,1970,76,43,37,-11,57,0.1555555556,76,41,9040
34,all my friends,21 Savage,43455,130,62,71,-5,21,0.1472222222,17,70,2218
35,a lot,21 Savage,43455,146,64,84,-8,27,0.2006944444,4,81,7950
36,break da law,21 Savage,43455,141,57,90,-8,36,0.1236111111,5,60,9807
37,a&t,21 Savage,43455,147,57,92,-5,83,0.1472222222,0,58,4037
38,out for the night,21 Savage,43455,173,70,84,-6,41,0.09513888889,0,60,1317
39,gun smoke,21 Savage,43455,86,46,81,-6,33,0.1159722222,0,60,352
40,1.5,21 Savage,43455,84,52,89,-8,31,0.1034722222,0,67,8277
41,can't leave without it,21 Savage,43455,132,59,87,-7,70,0.1423611111,11,71,5886
42,asmr,21 Savage,43455,170,54,84,-8,16,0.1194444444,4,63,2479
43,ball w/o you,21 Savage,43455,138,63,89,-7,46,0.1354166667,5,69,9878
44,good day,21 Savage,43455,122,52,97,-6,12,0.1680555556,0,54,5896
45,pad lock,21 Savage,43455,130,55,96,-8,80,0.1326388889,2,57,9410
46,monster,21 Savage,43455,134,61,89,-7,22,0.1618055556,16,73,5777
47,letter 2 my momma,21 Savage,43455,80,61,86,-11,96,0.1354166667,5,57,9225
48,4L,21 Savage,43455,80,41,88,-9,7,0.2,0,62,2907
49,CHANCES,KAYTRANADA,43434,106,53,84,-7,61,0.1513888889,20,46,211
50,CHANCES (INSTRUMENTAL),KAYTRANADA,43434,106,44,95,-8,66,0.1513888889,6,19,1277
51,IT WAS MEANT 2 B,KAYTRANADA,43434,95,58,83,-8,49,0.1666666667,0,27,8586
52,NOTHIN LIKE U (feat. Ty Dolla $ign),KAYTRANADA,43434,105,81,79,-6,77,0.1354166667,6,37,4482
53,"Stayin' Alive - From ""Saturday Night Fever"" Soundtrack",Bee Gees,28856,104,83,70,-7,95,0.1979166667,3,75,4952
54,Paranoid,Post Malone,43217,160,55,61,-6,24,0.1541666667,4,74,6066
55,Spoil My Night (feat. Swae Lee),Post Malone,43217,161,68,67,-3,26,0.1354166667,34,73,3585
56,Rich & Sad,Post Malone,43217,152,59,60,-5,27,0.1430555556,19,74,987
57,Zack And Codeine,Post Malone,43217,138,84,74,-5,29,0.1416666667,14,71,5893
58,Takin' Shots,Post Malone,43217,120,63,77,-6,58,0.1506944444,60,71,1142
59,rockstar (feat. 21 Savage),Post Malone,43217,160,54,59,-6,14,0.1513888889,12,86,7040
60,Over Now,Post Malone,43217,164,76,56,-4,24,0.1715277778,13,73,1426
61,Psycho (feat. Ty Dolla $ign),Post Malone,43217,140,56,74,-8,44,0.1534722222,58,83,8612
62,Better Now,Post Malone,43217,145,56,68,-6,37,0.1604166667,35,86,8498
63,Ball For Me (feat. Nicki Minaj),Post Malone,43217,134,56,79,-4,51,0.1430555556,49,74,6482
64,Otherside,Post Malone,43217,105,66,65,-6,14,0.1583333333,35,70,832
65,Stay,Post Malone,43217,86,47,48,-5,35,0.1416666667,41,76,8126
66,Blame It On Me,Post Malone,43217,122,59,65,-7,32,0.1819444444,14,70,364
67,Same Bitches (feat. G-Eazy & YG),Post Malone,43217,100,77,73,-5,21,0.1472222222,38,72,3769
68,Jonestown (Interlude),Post Malone,43217,78,50,34,-10,25,0.07777777778,75,62,7120
69,92 Explorer,Post Malone,43217,146,74,80,-5,88,0.1465277778,27,73,215
70,Candy Paint,Post Malone,43217,180,65,67,-6,44,0.1583333333,63,79,1425
71,Sugar Wraith,Post Malone,43217,164,77,60,-4,29,0.1583333333,26,71,5095
72,Summer Knights,Joey Bada$$,41072,93,60,49,-8,46,0.08055555556,51,44,4577
73,Waves,Joey Bada$$,41072,90,91,73,-3,89,0.1472222222,22,51,7616
74,FromdaTomb$ (feat. Chuck Strangers),Joey Bada$$,41072,92,92,59,-5,55,0.1423611111,20,49,3201
75,Survival Tactics (feat. Capital STEEZ),Joey Bada$$,41072,200,84,53,-2,92,0.1409722222,43,56,3166
76,Killuminati (feat. Capital STEEZ),Joey Bada$$,41072,87,84,61,-3,88,0.1069444444,44,50,5704
77,Hardknock (feat. CJ Fly),Joey Bada$$,41072,82,89,64,-2,54,0.2208333333,9,50,7057
78,World Domination,Joey Bada$$,41072,79,94,45,-2,91,0.1131944444,17,50,7517
79,Pennyroyal,Joey Bada$$,41072,93,83,75,-2,92,0.1180555556,6,46,6625
80,Funky Ho'$,Joey Bada$$,41072,174,69,69,-6,65,0.1868055556,48,47,4303
81,Daily Routine,Joey Bada$$,41072,81,53,67,-9,54,0.1236111111,26,46,3021
82,Snakes (feat. T'nah Apex),Joey Bada$$,41072,82,67,53,-5,80,0.1798611111,82,48,6927
83,Don't Front (feat. CJ Fly),Joey Bada$$,41072,95,81,61,-6,74,0.1819444444,38,44,4359
84,Righteous Minds,Joey Bada$$,41072,95,64,81,-6,61,0.1555555556,26,52,6669
85,Where It'$ At? (feat. Kirk Knight),Joey Bada$$,41072,80,66,72,-5,86,0.1729166667,82,43,5155
86,"Third Eye Sh*t (feat. Pro Era, Capital STEEZ, CJ Fly, Chuck Strangers, Dyemond Lewis, Nyck Caution, Kirk Knight, Rokamouth, T'nah Apex & Dessy Hinds)",Joey Bada$$,41072,129,67,61,-6,72,0.4909722222,62,43,6
87,4th Dimension,KIDS SEE GHOSTS,43259,172,54,77,-7,73,0.10625,28,68,3130
88,Freeee (Ghost Town Pt. 2),KIDS SEE GHOSTS,43259,152,81,33,-5,31,0.14375,0,60,364
89,INTRO,Rejjie Snow,42872,80,68,52,-6,22,0.1347222222,65,19,494
90,UNBORN,Rejjie Snow,42872,170,37,79,-8,79,0.1340277778,33,21,2083
91,FASHION WEEK,Rejjie Snow,42872,140,66,76,-8,64,0.09513888889,45,26,5717
92,AFRICAN DRAGON,Rejjie Snow,42872,73,54,47,-13,21,0.01736111111,35,0,8266
93,PURPLE TUESDAY (feat. Joey Bada$$ & Jesse Boykins III),Rejjie Snow,42872,84,46,68,-6,72,0.2013888889,38,45,2932
94,ME & MY PIANO,Rejjie Snow,42872,80,27,64,-14,49,0.06944444444,87,20,9034
95,SUNNY CALIFORNIA,Rejjie Snow,42872,150,56,51,-8,37,0.1381944444,16,33,7352
96,HOPE,Rejjie Snow,42872,80,64,70,-5,68,0.08055555556,31,20,6043
97,CONGO (MAMA AFRICA),Rejjie Snow,42872,88,67,66,-7,71,0.03958333333,51,14,6236
98,GET IT (feat. Joyce Wrice),Rejjie Snow,42872,86,69,69,-7,71,0.1229166667,5,29,4587
99,MILK MAN,Rejjie Snow,42872,170,79,28,-15,4,0.01180555556,94,0,1234
100,PINK FLOWER (feat. Dana Williams & Julian Bell),Rejjie Snow,42872,80,60,68,-6,80,0.1208333333,62,30,1539
101,ACID TRIP,Rejjie Snow,42872,99,56,72,-8,39,0.1305555556,4,46,7387
102,Hello,Rejjie Snow,43147,130,73,81,-8,82,0.09097222222,4,31,8644
103,Rainbows,Rejjie Snow,43147,162,72,58,-7,74,0.1395833333,1,29,7255
104,The Wonderful World of Annie,Rejjie Snow,43147,110,42,67,-15,58,0.04722222222,37,24,9903
105,23,Rejjie Snow,43147,97,64,80,-7,50,0.1263888889,28,52,9997
106,Pink Lemonade,Rejjie Snow,43147,90,38,88,-9,75,0.1118055556,19,38,2200
107,Skinny Jasmine Intermission,Rejjie Snow,43147,132,59,80,-10,61,0.05138888889,39,24,2468
108,Mon Amour,Rejjie Snow,43147,178,65,64,-6,67,0.1576388889,16,36,4812
109,Oh No!,Rejjie Snow,43147,132,54,76,-7,55,0.1180555556,50,37,9010
110,Spaceships,Rejjie Snow,43147,107,78,78,-7,63,0.1340277778,19,33,8065
111,Egyptian Luvr (feat. Aminé and Dana Williams),Rejjie Snow,43147,105,59,83,-8,90,0.1784722222,6,53,1080
112,The Ends,Rejjie Snow,43147,76,61,56,-8,82,0.08888888889,34,29,9163
113,Room 27,Rejjie Snow,43147,76,67,59,-8,36,0.1347222222,28,33,678
114,Désolé,Rejjie Snow,43147,83,57,64,-7,25,0.1625,13,37,3140
115,The Rain,Rejjie Snow,43147,134,43,78,-7,28,0.1673611111,18,39,408
116,Skateboard P Intermission,Rejjie Snow,43147,76,67,74,-11,95,0.03055555556,15,21,8909
117,LMFAO,Rejjie Snow,43147,120,70,90,-6,88,0.14375,11,30,5943
118,Bye Polar,Rejjie Snow,43147,117,52,65,-8,61,0.1319444444,8,35,7099
119,Charlie Brown,Rejjie Snow,43147,99,67,67,-6,71,0.1534722222,22,37,5342
120,Annie,Rejjie Snow,43147,124,60,95,-5,45,0.1694444444,0,27,6467
121,Greatness,Rejjie Snow,43147,157,67,60,-9,13,0.1840277778,11,28,7412
122,BOOGIE,BROCKHAMPTON,43084,110,93,60,-3,28,0.1340277778,1,61,1099
123,ZIPPER,BROCKHAMPTON,43084,114,68,84,-4,69,0.1402777778,25,61,3561
124,JOHNNY,BROCKHAMPTON,43084,80,86,61,-5,87,0.175,44,54,3953
125,LIQUID,BROCKHAMPTON,43084,140,63,64,-6,53,0.05694444444,42,48,2826
126,CINEMA 1,BROCKHAMPTON,43084,82,26,50,-17,32,0.03194444444,94,43,1498
127,STUPID,BROCKHAMPTON,43084,70,49,77,-6,60,0.1506944444,12,52,3425
128,BLEACH,BROCKHAMPTON,43084,156,66,60,-6,72,0.1895833333,46,70,5096
129,ALASKA,BROCKHAMPTON,43084,75,60,72,-7,41,0.1381944444,12,51,7522
130,HOTTIE,BROCKHAMPTON,43084,129,71,86,-6,77,0.1368055556,16,57,2984
131,CINEMA 2,BROCKHAMPTON,43084,103,37,42,-17,71,0.02708333333,80,42,5604
132,SISTER/NATION,BROCKHAMPTON,43084,150,69,38,-7,51,0.2534722222,9,52,479
133,RENTAL,BROCKHAMPTON,43084,82,45,67,-8,51,0.1486111111,19,63,8775
134,STAINS,BROCKHAMPTON,43084,113,66,64,-7,65,0.1243055556,47,51,5961
135,CINEMA 3,BROCKHAMPTON,43084,121,34,36,-17,39,0.03541666667,91,41,296
136,TEAM,BROCKHAMPTON,43084,140,73,31,-7,27,0.1902777778,40,51,5677
137,Sunset,The xx,41162,120,18,84,-16,37,0.1520833333,56,53,7672
138,Crystalised,The xx,40041,123,49,77,-12,42,0.1402777778,82,63,7621
139,Plastic 100°C,Sampha,42769,132,36,60,-12,18,0.2194444444,74,54,8624
140,Blood on Me,Sampha,42769,104,52,78,-8,61,0.1715277778,12,52,23
141,Kora Sings,Sampha,42769,136,70,69,-9,78,0.1791666667,31,43,808
142,(No One Knows Me) Like the Piano,Sampha,42769,129,20,62,-14,18,0.1513888889,98,60,9036
143,Take Me Inside,Sampha,42769,78,30,30,-11,29,0.09652777778,85,41,7015
144,Under,Sampha,42769,115,53,75,-9,46,0.1958333333,15,43,2428
145,Incomplete Kisses,Sampha,42769,127,42,65,-12,27,0.1625,47,53,5321
146,What Shouldn't I Be?,Sampha,42769,86,15,35,-17,40,0.1479166667,92,42,2882
147,Reverse Faults,Sampha,42769,128,43,68,-11,42,0.1756944444,39,46,4745
148,Intro,The xx,40041,100,79,61,-9,16,0.08888888889,46,70,9708
149,No Diggity,Nick Murphy / Chet Faker,40977,80,51,67,-12,50,0.15625,59,56,6935
150,Where We Go,Jelani Aryeh,43000,77,69,55,-5,14,0.19375,0,46,7895
151,Make Love,Daft Punk,38412,133,55,70,-9,98,0.2013888889,78,44,1834
152,Crew (feat. Brent Faiyaz & Shy Glizzy),GoldLink,42818,130,61,73,-8,45,0.1229166667,13,70,8676
153,BLOOD.,Kendrick Lamar,42839,157,24,36,-17,49,0.08194444444,14,58,7781
154,YAH.,Kendrick Lamar,42839,70,70,67,-8,65,0.1111111111,58,62,256
155,ELEMENT.,Kendrick Lamar,42839,190,71,75,-5,48,0.1451388889,20,70,4923
156,FEEL.,Kendrick Lamar,42839,110,80,75,-8,55,0.1493055556,14,61,6753
157,LOYALTY. FEAT. RIHANNA.,Kendrick Lamar,42839,111,54,66,-9,42,0.1576388889,3,71,9627
158,PRIDE.,Kendrick Lamar,42839,139,54,67,-7,37,0.1909722222,8,63,7370
159,LUST.,Kendrick Lamar,42839,94,56,68,-9,57,0.2138888889,19,62,4929
160,LOVE. FEAT. ZACARI.,Kendrick Lamar,42839,126,59,80,-7,78,0.1479166667,26,76,7226
161,XXX. FEAT. U2.,Kendrick Lamar,42839,170,62,57,-7,29,0.1763888889,14,64,2523
162,FEAR.,Kendrick Lamar,42839,150,48,59,-7,43,0.3201388889,60,62,9018
163,GOD.,Kendrick Lamar,42839,133,56,71,-6,21,0.1729166667,3,61,3185
164,DUCKWORTH.,Kendrick Lamar,42839,175,73,55,-7,63,0.1729166667,5,62,865
165,Timmy's Prayer,Sampha,42769,139,56,45,-10,22,0.1833333333,45,45,3727
166,Hold On,SBTRKT,40721,132,39,77,-12,44,0.14375,23,55,3006
167,Edition,Rex Orange County,42990,141,33,86,-10,26,0.07986111111,81,64,8695
168,Baby Blue,King Krule,41510,102,33,47,-11,9,0.15,61,52,1905
169,Provider,Frank Ocean,42974,140,33,65,-12,39,0.16875,74,65,5626
170,Border Line,King Krule,41510,100,55,64,-8,35,0.1291666667,52,48,7441
171,Out Getting Ribs,King Krule,41510,117,40,51,-10,9,0.1777777778,62,45,1340
172,Biking,Frank Ocean,42835,148,46,67,-7,27,0.1930555556,68,66,3005
173,Red Bottom Sky,Yung Lean,42979,120,40,69,-9,33,0.2104166667,73,37,2211
174,GUMMY,BROCKHAMPTON,42972,80,67,69,-6,79,0.18125,20,63,5258
175,QUEER,BROCKHAMPTON,42972,82,63,77,-7,68,0.1583333333,15,57,8063
176,JELLO,BROCKHAMPTON,42972,140,57,92,-7,64,0.1666666667,62,53,3014
177,TEETH,BROCKHAMPTON,42972,79,55,43,-8,50,0.05555555556,80,48,6564
178,SWAMP,BROCKHAMPTON,42972,141,66,69,-6,40,0.175,2,53,7015
179,SCENE,BROCKHAMPTON,42972,146,31,43,-21,86,0.02777777778,94,42,8408
180,TOKYO,BROCKHAMPTON,42972,140,63,63,-6,54,0.1333333333,6,58,978
181,JESUS,BROCKHAMPTON,42972,102,37,61,-9,35,0.05555555556,72,47,9092
182,CHICK,BROCKHAMPTON,42972,150,71,46,-5,59,0.1416666667,35,47,403
183,JUNKY,BROCKHAMPTON,42972,82,66,64,-5,68,0.1729166667,32,55,6121
184,SCENE 2,BROCKHAMPTON,42972,84,42,41,-21,96,0.02083333333,89,5,365
185,FIGHT,BROCKHAMPTON,42972,90,70,66,-7,17,0.1256944444,32,48,7912
186,SWEET,BROCKHAMPTON,42972,92,63,72,-6,72,0.1902777778,54,67,5475
187,GAMBA,BROCKHAMPTON,42972,95,51,65,-8,30,0.1402777778,31,51,8429
188,SUNNY,BROCKHAMPTON,42972,80,66,50,-5,43,0.11875,87,48,4020
189,SUMMER,BROCKHAMPTON,42972,80,55,50,-6,54,0.1423611111,85,60,3905
190,Islander,Wiki,42972,115,71,61,-7,91,0.08125,76,28,2836
191,Mayor,Wiki,42972,95,91,70,-5,69,0.1486111111,37,31,6095
192,Pretty Bull,Wiki,42972,88,82,68,-5,64,0.1444444444,44,25,9616
193,Why iii Love The Moon.,Phony Ppl,42017,92,48,71,-8,66,0.2305555556,55,62,7459
194,HEAT,BROCKHAMPTON,42895,78,74,69,-6,41,0.1888888889,9,54,7594
195,GOLD,BROCKHAMPTON,42895,110,65,81,-7,29,0.1847222222,7,66,4361
196,STAR,BROCKHAMPTON,42895,75,39,78,-9,29,0.1118055556,15,59,5535
197,BOYS,BROCKHAMPTON,42895,145,52,80,-9,85,0.1930555556,25,49,9236
198,2PAC,BROCKHAMPTON,42895,78,51,71,-9,71,0.04305555556,50,44,6399
199,SKIT 1,BROCKHAMPTON,42895,129,56,39,-22,36,0.01319444444,88,1,7771
200,FAKE,BROCKHAMPTON,42895,126,44,70,-10,65,0.1916666667,1,52,2466
201,BANK,BROCKHAMPTON,42895,80,66,64,-11,41,0.1361111111,9,45,6190
202,SKIT 2,BROCKHAMPTON,42895,156,41,31,-25,18,0.01111111111,87,0,61
203,TRIP,BROCKHAMPTON,42895,76,31,78,-13,63,0.1409722222,22,47,3889
204,SWIM,BROCKHAMPTON,42895,93,49,66,-9,50,0.1479166667,15,47,1860
205,BUMP,BROCKHAMPTON,42895,148,70,63,-11,38,0.1097222222,6,47,8115
206,CASH,BROCKHAMPTON,42895,75,80,61,-9,40,0.1354166667,18,45,8343
207,SKIT 3,BROCKHAMPTON,42895,115,20,66,-26,83,0.02708333333,77,38,5381
208,MILK,BROCKHAMPTON,42895,75,45,59,-9,28,0.2048611111,4,51,8509
209,FACE,BROCKHAMPTON,42895,120,70,95,-5,68,0.1798611111,59,66,6272
210,WASTE,BROCKHAMPTON,42895,117,41,42,-11,41,0.1069444444,51,57,6399
211,See You Again,"Tyler, The Creator",42937,79,56,56,-9,62,0.125,37,75,1944
212,Who Dat Boy,"Tyler, The Creator",42937,115,49,71,-10,14,0.1423611111,34,69,9433
213,911 / Mr. Lonely,"Tyler, The Creator",42937,90,61,48,-7,30,0.1777777778,5,70,7356
214,D.R.U.G.S.,Rejjie Snow,42634,92,73,72,-6,63,0.1395833333,20,34,7379
215,Love$ick (feat. A$AP Rocky),Mura Masa,42930,89,76,67,-5,76,0.1333333333,14,8,9357
216,TOGETHER (feat. AlunaGeorge & GoldLink),KAYTRANADA,42496,112,69,83,-8,81,0.1368055556,2,36,7913
217,The Bird,Anderson .Paak,42384,149,65,49,-7,60,0.1513888889,8,55,7001
218,YOU'RE THE ONE (feat. Syd),KAYTRANADA,42496,118,39,82,-10,24,0.1583333333,3,43,3284
219,GOT IT GOOD (feat. Craig David),KAYTRANADA,42496,80,50,64,-7,31,0.1583333333,5,40,3649
220,In Bloom,Shook,41962,125,61,83,-10,66,0.1798611111,1,20,3802
221,Ttktv,Injury Reserve,42206,159,45,63,-9,7,0.2791666667,81,52,9444
222,LAND OF THE FREE,Joey Bada$$,42832,95,65,73,-6,16,0.1972222222,47,57,334
223,TEMPTATION,Joey Bada$$,42832,105,71,78,-5,78,0.1694444444,40,65,2361
224,FOR MY PEOPLE,Joey Bada$$,42832,101,70,67,-7,19,0.1618055556,11,56,1681
225,Pink Beetle,Rejjie Snow,42662,150,78,48,-7,19,0.1638888889,49,28,1970
226,Them Changes (feat. Flying Lotus & Kamasi Washington),Thundercat,42177,82,58,79,-8,76,0.1298611111,56,2,1968
227,Rhymes Like Dimes,MF DOOM,40659,100,75,64,-6,76,0.1798611111,66,53,2068
228,Alla luce del giorno,Ennio Morricone,38748,135,58,72,-13,90,0.1291666667,5,29,4424
229,A Horse with No Name,America,1972,123,51,65,-17,83,0.175,69,74,4650
230,Youth,Glass Animals,42608,96,72,65,-8,79,0.1604166667,13,64,5728
231,Superstition - Single Version,Stevie Wonder,35065,101,66,65,-11,88,0.1659722222,9,2,3461
232,Magnolia,Playboi Carti,42839,163,58,79,-7,44,0.1263888889,1,74,834
233,Life Itself,Glass Animals,42608,112,67,70,-6,56,0.1951388889,1,61,2842
234,Make You Mine,Breakbot,40224,95,56,83,-8,80,0.1409722222,2,47,9518
235,Pools,Glass Animals,41793,105,65,68,-9,23,0.2006944444,15,52,9855
236,Instant Need,FKJ,41463,91,49,77,-8,57,0.1875,21,58,7613
237,Home,Edward Sharpe & The Magnetic Zeros,40008,112,59,54,-7,14,0.2104166667,29,71,7229
238,First,Cold War Kids,41933,78,69,47,-4,56,0.1388888889,2,34,1751
239,Easy Easy,King Krule,41510,147,41,56,-9,23,0.1180555556,84,48,3699
240,Good Life,Kanye West,39083,84,80,44,-7,45,0.14375,0,30,9773
241,All Falls Down,Kanye West,38030,91,72,64,-5,46,0.1555555556,18,32,9138
242,Black Skinhead,Kanye West,41275,130,82,78,-6,27,0.1305555556,0,72,5757
243,Chanel,Frank Ocean,42804,110,50,78,-6,47,0.1458333333,87,73,8355
244,Just The Two Of Us,"Grover Washington, Jr.",38718,96,33,79,-15,61,0.1652777778,42,52,1083
245,Am I Wrong (feat. ScHoolboy Q),Anderson .Paak,42384,115,80,73,-7,53,0.1763888889,6,58,3672
246,Come Down,Anderson .Paak,42384,98,91,82,-6,92,0.1229166667,33,62,9007
247,Ivy,Frank Ocean,42602,116,39,57,-10,45,0.1729166667,78,73,5429
248,Pink + White,Frank Ocean,42602,160,55,54,-7,55,0.1284722222,67,74,5322
249,Baby I'm Yours,Breakbot Feat. Irfane,40224,118,79,83,-4,74,0.15,71,57,5499
250,Redbone,Childish Gambino,42706,160,36,75,-10,61,0.2270833333,17,29,9189
251,Eh,Death Grips,42496,152,89,72,-7,65,0.1201388889,14,42,4942
252,We The People....,A Tribe Called Quest,42685,93,81,71,-5,90,0.1194444444,1,55,4964
253,Enough!!,A Tribe Called Quest,42685,77,57,68,-7,24,0.1395833333,25,46,61
254,The Moment,Tame Impala,42202,119,83,55,-6,45,0.1770833333,0,65,4140
255,The Less I Know The Better,Tame Impala,42202,117,74,64,-4,79,0.15,1,81,6551
256,Immortal,J. Cole,42713,92,42,71,-11,25,0.1402777778,44,64,489
257,Deja Vu,J. Cole,42713,174,41,65,-11,19,0.1840277778,36,68,3143
258,Ville Mentality,J. Cole,42713,120,38,86,-8,63,0.1347222222,79,61,8704
259,Change,J. Cole,42713,107,52,58,-11,24,0.2298611111,64,63,3274
260,Neighbors,J. Cole,42713,139,28,89,-13,41,0.1506944444,36,71,3372
261,Foldin Clothes,J. Cole,42713,162,50,71,-10,60,0.2201388889,22,58,6502
262,She's Mine Pt. 2,J. Cole,42713,70,20,51,-15,5,0.19375,78,57,1753
263,4 Your Eyez Only,J. Cole,42713,79,48,70,-10,49,0.3680555556,38,62,8967
264,Front & Center,Joey Bada$$,42664,106,66,63,-8,55,0.1270833333,1,51,9220
265,Devastated,Joey Bada$$,42517,123,48,84,-9,58,0.1444444444,12,2,7379
266,Paper Trail$,Joey Bada$$,42024,94,83,55,-4,45,0.1354166667,34,55,5147
267,Congratulations (feat. Bilal),Mac Miller,42629,58,23,47,-13,21,0.1777777778,95,56,6509
268,Dang! (feat. Anderson .Paak),Mac Miller,42629,107,67,84,-7,56,0.2118055556,1,71,3606
269,Stay,Mac Miller,42629,134,56,74,-7,55,0.2263888889,57,63,231
270,Skin,Mac Miller,42629,120,59,61,-7,48,0.2,53,58,4027
271,Cinderella (feat. Ty Dolla $ign),Mac Miller,42629,140,53,55,-7,24,0.3333333333,24,64,4848
272,Planet God Damn (feat. Njomza),Mac Miller,42629,173,49,64,-13,43,0.1333333333,63,53,325
273,Soulmate,Mac Miller,42629,111,53,61,-7,56,0.1895833333,13,55,4376
274,We (feat. CeeLo Green),Mac Miller,42629,139,64,64,-9,60,0.2215277778,79,56,1318
275,My Favorite Part,Mac Miller,42629,95,33,86,-7,72,0.15,63,70,1813
276,"God Is Fair, Sexy Nasty (feat. Kendrick Lamar)",Mac Miller,42629,96,41,47,-12,14,0.3479166667,33,60,9666
277,See You Leave,RJD2,41555,82,61,77,-6,50,0.2076388889,4,49,401
278,Miss Primetime (feat. Pell),Big Gigantic,42608,137,93,59,-1,59,0.1493055556,0,49,2969
279,"Harder, Better, Faster, Stronger",Daft Punk,36957,123,72,82,-9,69,0.15625,4,68,6601
280,Crescendolls,Daft Punk,36957,124,75,70,-9,94,0.1472222222,0,52,2963
281,Nightvision,Daft Punk,36957,120,19,49,-30,46,0.07222222222,85,50,152
282,Superheroes,Daft Punk,36957,141,74,62,-8,68,0.1652777778,0,51,4814
283,High Life,Daft Punk,36957,125,87,65,-9,52,0.1402777778,0,50,3608
284,Something About Us,Daft Punk,36957,100,48,88,-13,38,0.1618055556,44,66,6143
285,Voyager,Daft Punk,36957,120,74,67,-11,28,0.1583333333,28,58,888
286,Veridis Quo,Daft Punk,36957,107,69,60,-14,12,0.2395833333,48,59,4579
287,Short Circuit,Daft Punk,36957,110,56,54,-11,22,0.14375,0,48,9717
288,Face to Face,Daft Punk,36957,118,44,87,-10,96,0.1666666667,0,57,4845
289,Too Long,Daft Punk,36957,127,58,69,-10,51,0.4166666667,0,49,4373
290,Scarface,Freddie Gibbs,41716,89,82,58,-6,63,0.08819444444,2,46,5800
291,Deeper,Freddie Gibbs,41716,180,79,39,-8,72,0.1381944444,26,49,1031
292,Broken (feat. Scarface),Freddie Gibbs,41716,85,63,60,-10,49,0.1722222222,53,44,366
293,"Lay It All On Me (feat. Big Sean, Vic Mensa & Ed Sheeran) - Rudi VIP Mix",Rudimental,42363,123,72,82,-5,41,0.1666666667,2,32,5736
294,Love Yourz,J. Cole,41982,76,62,50,-9,40,0.1472222222,61,67,2911
295,Thinkin Bout You,Frank Ocean,40909,130,35,72,-11,18,0.1395833333,41,71,1702
296,Fertilizer,Frank Ocean,40909,116,59,71,-7,96,0.02777777778,85,52,3214
297,Sweet Life,Frank Ocean,40909,84,59,53,-6,79,0.1826388889,28,57,4213
298,Not Just Money,Frank Ocean,40909,152,86,37,-16,11,0.04166666667,74,49,712
299,Super Rich Kids,Frank Ocean,40909,60,42,59,-8,61,0.2118055556,27,64,7208
300,Pilot Jones,Frank Ocean,40909,125,45,40,-13,37,0.1277777778,48,55,5844
301,Crack Rock,Frank Ocean,40909,89,74,56,-8,38,0.1555555556,9,56,1656
302,Pyramids,Frank Ocean,40909,132,65,41,-6,20,0.4118055556,1,61,7875
303,Lost,Frank Ocean,40909,123,60,91,-5,49,0.1625,3,63,9327
304,White,Frank Ocean,40909,138,7,55,-19,28,0.05277777778,78,53,9666
305,Bad Religion,Frank Ocean,40909,82,36,28,-8,13,0.1215277778,78,57,835
306,Pink Matter,Frank Ocean,40909,84,25,40,-11,49,0.1868055556,95,61,2516
307,Forrest Gump,Frank Ocean,40909,95,39,68,-8,24,0.1354166667,10,61,7756
308,End,Frank Ocean,40909,120,30,56,-18,33,0.09375,40,50,8380
309,Lone Digger,Caravan Palace,42293,124,94,77,-4,87,0.1597222222,59,53,5806
310,Temporary View,SBTRKT,41911,145,71,71,-5,26,0.1430555556,55,39,2241
311,Furthest Thing,Drake,41275,137,78,48,-5,27,0.1854166667,15,45,7515
312,Started From the Bottom,Drake,41275,86,52,79,-8,57,0.1208333333,3,48,2132
313,From Time,Drake,41275,94,49,74,-10,45,0.2236111111,63,47,7020
314,"Hold On, We're Going Home",Drake,41275,100,41,78,-7,29,0.1583333333,0,51,5447
315,Space Bound,Eminem,40347,142,89,67,-3,50,0.19375,4,67,5936
316,Faded,ZHU,41893,125,48,87,-7,61,0.1548611111,1,59,9711
317,Cocaine Model,ZHU,41893,120,71,79,-6,31,0.1770833333,25,56,4041
318,Unstoppable - FKJ Remix,Lianne La Havas,42190,92,56,65,-8,50,0.2194444444,18,52,5784
319,Coming Over,Dillon Francis,42230,174,66,63,-5,70,0.1236111111,23,61,1937
320,Birch Tree,Foals,42244,108,79,66,-7,47,0.18125,2,58,5485
321,Mariah - Kaytranada Remix,American Royalty,41464,80,40,61,-6,19,0.1819444444,1,37,2588
322,Next Year - RAC Remix,Two Door Cinema Club,41275,123,74,73,-6,39,0.1986111111,28,4,239
323,Four Walls and an Amplifier,Brock Berrigan,41649,81,66,76,-4,65,0.09236111111,25,48,6934
324,Retro [ROUGH],Childish Gambino,41915,110,64,87,-6,30,0.1409722222,23,10,5505
325,All We Got (feat. Kanye West & Chicago Children's Choir),Chance the Rapper,42517,132,54,53,-9,40,0.1416666667,31,64,8394
326,No Problem (feat. Lil Wayne & 2 Chainz),Chance the Rapper,42517,135,80,65,-5,79,0.2118055556,16,72,4548
327,Summer Friends (feat. Jeremih & Francis & The Lights),Chance the Rapper,42517,145,43,69,-12,48,0.2013888889,68,62,1637
328,D.R.A.M. Sings Special,Chance the Rapper,42517,148,21,41,-13,21,0.07083333333,94,56,5041
329,Blessings (feat. Jamila Woods),Chance the Rapper,42517,72,34,71,-8,37,0.1541666667,72,61,3840
330,Same Drugs,Chance the Rapper,42517,180,29,46,-10,53,0.1791666667,95,67,6348
331,Mixtape (feat. Young Thug & Lil Yachty),Chance the Rapper,42517,127,43,84,-6,13,0.2034722222,5,58,9703
332,Angels (feat. Saba),Chance the Rapper,42517,156,65,77,-5,68,0.1430555556,29,63,2603
333,Juke Jam (feat. Justin Bieber & Towkio),Chance the Rapper,42517,95,40,51,-9,56,0.1527777778,72,69,7214
334,All Night (feat. Knox Fortune),Chance the Rapper,42517,112,78,70,-6,39,0.09861111111,4,68,129
335,How Great (feat. Jay Electronica & My cousin Nicole),Chance the Rapper,42517,78,48,44,-9,29,0.2340277778,48,55,7518
336,Smoke Break (feat. Future),Chance the Rapper,42517,125,45,71,-8,28,0.1569444444,26,64,6161
337,"Finish Line / Drown (feat. T-Pain, Kirk Franklin, Eryn Allen Kane & Noname)",Chance the Rapper,42517,86,61,46,-6,41,0.2826388889,62,59,7150
338,"Blessings (feat. Ty Dolla $ign, Anderson .Paak, BJ The Chicago Kid, Raury & Jamila Woods)",Chance the Rapper,42517,80,46,38,-8,54,0.1597222222,89,58,9145
339,Legend,Drake,42047,100,56,72,-8,30,0.1680555556,2,67,3196
340,Energy,Drake,42047,172,57,74,-8,57,0.1263888889,33,68,1565
341,10 Bands,Drake,42047,173,76,84,-4,87,0.1236111111,23,63,3215
342,Know Yourself,Drake,42047,115,41,74,-9,16,0.1916666667,19,65,6014
343,You & The 6,Drake,42047,154,49,56,-7,21,0.1840277778,15,55,4679
344,Jungle,Drake,42047,195,23,51,-9,39,0.2222222222,61,67,4440
345,Faithful,Drake,42496,100,45,53,-11,19,0.2013888889,9,57,4110
346,Still Here,Drake,42496,134,44,84,-10,24,0.1319444444,2,62,5470
347,Controlla,Drake,42496,92,48,55,-11,32,0.1701388889,9,72,1396
348,Grammys,Drake,42496,145,44,71,-10,12,0.1527777778,0,59,7442
349,Childs Play,Drake,42496,80,47,74,-11,29,0.1673611111,1,64,9952
350,Pop Style,Drake,42496,133,46,72,-10,5,0.1479166667,19,62,3761
351,Too Good,Drake,42496,118,64,82,-8,40,0.1826388889,7,72,1794
352,Fire & Desire,Drake,42496,80,25,71,-14,25,0.1652777778,8,65,9443
353,Views,Drake,42496,80,87,59,-6,7,0.2166666667,6,56,2796
354,Hotline Bling,Drake,42496,135,62,90,-8,55,0.1854166667,0,74,5530
355,Say It,The Geek x Vrv,41957,88,63,66,-6,43,0.14375,0,48,9970
356,Fabrics,Felly,41763,76,49,81,-7,26,0.1493055556,39,3,3263
357,Drops,Jungle,41834,108,24,70,-14,17,0.1208333333,85,53,6677
358,Overture,Daft Punk,40179,116,7,17,-15,4,0.1027777778,88,37,922
359,The Grid,Daft Punk,40179,102,50,56,-14,7,0.06736111111,26,39,5395
360,The Son of Flynn,Daft Punk,40179,106,78,54,-18,2,0.06597222222,91,45,8644
361,Recognizer,Daft Punk,40179,104,54,58,-15,8,0.1097222222,46,38,9695
362,Armory,Daft Punk,40179,96,5,38,-24,3,0.08541666667,66,36,4341
363,Arena,Daft Punk,40179,67,41,31,-14,8,0.06458333333,1,36,7101
364,Rinzler,Daft Punk,40179,90,65,50,-15,4,0.09583333333,48,37,6709
365,The Game Has Changed,Daft Punk,40179,100,50,54,-15,6,0.1423611111,43,39,6636
366,Outlands,Daft Punk,40179,113,44,57,-16,17,0.1125,79,37,3178
367,Adagio For TRON,Daft Punk,40179,59,12,6,-20,4,0.1743055556,73,36,614
368,Nocturne,Daft Punk,40179,88,5,17,-27,4,0.07083333333,40,35,2110
369,End of Line,Daft Punk,40179,196,45,37,-11,4,0.1083333333,0,40,5517
370,Derezzed,Daft Punk,40179,120,62,54,-10,10,0.07222222222,0,45,8976
371,Fall,Daft Punk,40179,180,63,28,-10,24,0.05763888889,0,36,4844
372,Solar Sailer,Daft Punk,40179,124,17,18,-23,4,0.1125,86,40,9971
373,Rectifier,Daft Punk,40179,66,19,45,-15,4,0.09305555556,58,34,9018
374,Disc Wars,Daft Punk,40179,160,48,55,-15,35,0.1743055556,43,35,944
375,C.L.U.,Daft Punk,40179,87,51,34,-13,6,0.19375,34,33,4713
376,Arrival,Daft Punk,40179,63,13,6,-23,4,0.08333333333,91,32,1184
377,Flynn Lives,Daft Punk,40179,108,27,44,-14,4,0.1402777778,95,35,7868
378,TRON Legacy (End Titles),Daft Punk,40179,102,82,42,-9,5,0.1375,0,41,1991
379,Finale,Daft Punk,40179,62,10,8,-15,3,0.1826388889,93,31,277
380,Fast Lane,Rationale,42237,96,58,76,-6,60,0.1076388889,58,44,8209
381,Home is Where the Hatred Is,Gil Scott-Heron,1971,98,48,70,-14,88,0.1388888889,49,0,546
382,"Bout a Dolla (feat. Chuck Inglish, Chance the Rapper, Chip tha Ripper & Twista)",The O'My's,41975,90,62,74,-8,56,0.2013888889,24,39,648
383,Better Give U Up,FKJ,42321,92,71,73,-7,45,0.1784722222,19,0,9124
384,Instant Need,FKJ,41463,91,49,77,-8,57,0.1875,21,4,5511
385,Clint Eastwood,Gorillaz,36976,168,69,66,-9,52,0.2368055556,2,71,1429
386,On Melancholy Hill,Gorillaz,40240,120,74,69,-6,58,0.1625,0,71,2812
387,Feel Good Inc.,Gorillaz,38495,139,71,82,-7,77,0.1548611111,1,77,4722
388,No Other Way,Sinead Harnett,41640,91,53,76,-9,50,0.1388888889,21,6,2402
389,So Far to Go Feat. Common & DAngelo,J Dilla,38993,90,56,65,-5,29,0.2340277778,1,0,5797
390,Ride,Twenty One Pilots,42139,75,71,65,-5,57,0.1493055556,1,80,4387
391,Stressed Out,Twenty One Pilots,42139,170,64,73,-6,65,0.1402777778,5,80,6861
392,Summer Breeze,Blunted Beatz,41870,90,59,73,-7,35,0.1263888889,0,25,6415
393,Rebirth of Cool,DJ Cam Quartet,41281,92,53,84,-7,62,0.2083333333,6,48,9826
394,Sangria - (bonus track),REMI,41796,97,75,70,-6,92,0.1381944444,50,0,4941
395,Down On My Luck,Vic Mensa,41640,125,75,69,-8,44,0.1451388889,37,46,4902
396,Sonnentanz - Sun Don't Shine,Klangkarussell,41275,120,54,59,-8,17,0.1638888889,11,47,1200
397,To Describe You,Kungs,2015,125,38,88,-12,83,0.1868055556,28,33,5723
398,Lost,Tender Games,41838,105,40,78,-10,31,0.1791666667,34,0,4593
399,Sunshine - Muneshine Edit,Muneshine,42307,124,90,77,-6,87,0.2097222222,0,0,4653
400,Sharpness,Jamie Woon,42307,98,58,85,-8,67,0.14375,28,9,9192
401,Crimewave,Crystal Castles,39083,120,66,76,-8,87,0.1840277778,24,0,8273
402,R U Mine?,Arctic Monkeys,41526,97,76,29,-6,62,0.1402777778,1,9,507
403,Why'd You Only Call Me When You're High?,Arctic Monkeys,41526,92,63,69,-6,80,0.1118055556,5,8,6167
404,Do I Wanna Know?,Arctic Monkeys,41526,85,53,55,-8,41,0.1888888889,19,16,2406
405,Always Where I Need To Be,The Kooks,39448,168,96,33,-5,88,0.1125,0,55,8894
406,She Moves In Her Own Way,The Kooks,38718,153,80,41,-5,81,0.1173611111,24,68,3210
407,Bad Habit,The Kooks,41640,123,88,73,-4,84,0.1534722222,5,63,111
408,Carbonated,Mount Kimbie,40378,135,33,55,-14,79,0.1798611111,75,46,1189
409,Stay,Hans Zimmer,41961,105,5,15,-16,2,0.2861111111,1,2,9963
410,Dust,Hans Zimmer,41961,130,12,17,-23,3,0.2368055556,96,1,8189
411,Wildfire,SBTRKT,40721,140,48,84,-7,34,0.1395833333,3,58,5391
412,My Love,Route 94,41640,120,60,82,-8,73,0.1819444444,0,9,24
413,The Giver (Reprise),Duke Dumont,42080,123,93,46,-5,64,0.1361111111,0,42,8822
414,I Got U,Duke Dumont,41640,121,76,65,-8,45,0.1986111111,0,57,8857
415,Ocean Drive,Duke Dumont,42216,115,72,69,-5,56,0.1430555556,1,73,896
416,White Iverson,Post Malone,42230,130,52,67,-9,33,0.1770833333,24,4,5918
417,Young Blood,The Naked And Famous,2010,105,87,58,-5,36,0.1715277778,0,63,2659
418,Give Life Back to Music,Daft Punk,41411,119,62,79,-11,70,0.1909722222,0,60,1568
419,The Game of Love,Daft Punk,41411,90,50,71,-12,68,0.2236111111,83,55,1869
420,Giorgio by Moroder,Daft Punk,41411,113,68,74,-10,41,0.3784722222,7,59,1865
421,Within,Daft Punk,41411,110,30,70,-14,7,0.1590277778,89,55,2617
422,Instant Crush,Daft Punk,41411,110,59,78,-10,52,0.2347222222,4,72,286
423,Lose Yourself to Dance,Daft Punk,41411,100,66,83,-8,67,0.2458333333,8,69,6066
424,Touch,Daft Punk,41411,91,41,29,-13,12,0.3465277778,48,55,5062
425,Get Lucky,Daft Punk,41411,116,79,81,-9,86,0.2569444444,4,70,1199
426,Beyond,Daft Punk,41411,104,65,72,-11,79,0.2013888889,37,53,6116
427,Motherboard,Daft Punk,41411,103,71,55,-15,28,0.2375,51,52,5523
428,Fragments of Time,Daft Punk,41411,130,51,81,-10,96,0.1944444444,4,56,1440
429,Doin' it Right,Daft Punk,41411,178,45,80,-8,19,0.1743055556,39,62,711
430,Contact,Daft Punk,41411,124,76,40,-8,9,0.2666666667,0,53,5415
431,Slychain,Hermitude,39712,106,84,82,-5,69,0.1930555556,21,0,2116
432,44 Gallons,Hermitude,39712,90,83,76,-5,69,0.1875,4,0,721
433,New People,Hermitude,39712,73,65,71,-4,77,0.1645833333,12,0,168
434,The River,Hermitude,39712,150,80,63,-6,36,0.2270833333,3,0,4168
435,Cartridge Kings,Hermitude,39712,100,78,79,-6,37,0.2354166667,0,0,3048
436,Exhale,Hermitude,39712,105,69,88,-4,87,0.1868055556,21,0,2602
437,Frayed,Hermitude,39712,80,89,57,-6,50,0.2340277778,46,0,3744
438,Vector,Hermitude,39712,98,61,79,-6,75,0.1881944444,18,0,9871
439,Your Call,Hermitude,39712,93,51,77,-5,92,0.1625,60,0,4719
440,Stepping Stones,Hermitude,39712,189,84,35,-8,55,0.2145833333,64,0,3296
441,Bloodshot,Hermitude,39712,97,84,79,-8,59,0.1854166667,7,0,1934
442,HyperParadise,Hermitude,40942,130,89,65,-4,80,0.16875,1,0,5342
443,HyperParadise - Flume Remix,Hermitude,41068,145,83,60,-7,31,0.1861111111,5,0,1412
444,Ukiyo - Bonus Track,Hermitude,2014,90,80,60,-5,67,0.1368055556,39,0,6796
445,Searchlight Reprise,Hermitude,2014,143,51,65,-8,22,0.1861111111,20,0,7758
446,The Buzz,Hermitude,2014,141,58,73,-6,49,0.1541666667,33,0,7255
447,Bermuda Bay,Hermitude,2014,160,79,69,-7,56,0.1715277778,18,0,1101
448,To Me,Nick Murphy / Chet Faker,41744,80,34,41,-11,12,0.21875,25,16,8993
449,Blush,Nick Murphy / Chet Faker,41744,182,34,39,-16,14,0.1993055556,55,13,3155
450,Hazey,Glass Animals,41793,90,50,65,-11,40,0.1847222222,0,54,2476
451,Holiest,Glass Animals,41733,132,64,50,-8,43,0.1402777778,3,49,8755
452,Black Mambo,Glass Animals,41793,80,41,68,-11,31,0.1729166667,29,57,3939
453,Made To Stray,Mount Kimbie,41421,129,71,84,-5,37,0.1993055556,67,46,9012
454,Before I Move Off,Mount Kimbie,40378,105,64,81,-6,66,0.1736111111,57,43,4127
455,Gooey,Glass Animals,41793,183,37,49,-13,11,0.2006944444,74,67,4924
456,Gold,Nick Murphy / Chet Faker,41744,140,51,62,-9,23,0.1979166667,38,30,199
457,Talk Is Cheap,Nick Murphy / Chet Faker,41744,140,58,65,-9,46,0.1520833333,47,27,4672
458,Say My Name (feat. Zyra),ODESZA,41890,115,75,75,-7,35,0.1826388889,0,65,1005
459,High You Are,What So Not,41555,137,86,69,-6,41,0.1479166667,6,60,7911
460,Hold Me Down,Mansionair,42279,100,41,58,-9,6,0.2493055556,62,5,8443
461,Ukiyo,Hermitude,41959,180,58,61,-8,58,0.1583333333,27,48,3857
462,Digital Love,Daft Punk,36957,125,66,64,-8,53,0.2090277778,5,60,2643
463,Aerodynamic,Daft Punk,36957,123,91,62,-7,14,0.1479166667,33,56,1021
464,One More Time,Daft Punk,36957,123,70,61,-9,48,0.2222222222,2,71,2817
465,"Around the World / Harder, Better, Faster, Stronger",Daft Punk,39402,126,79,63,-8,58,0.2381944444,0,51,7957
466,Around the World - Radio Edit [Radio Edit],Daft Punk,38807,121,76,93,-6,86,0.1673611111,0,50,5884
467,Souvenir (feat. Hemlock Ernst),Milo,42272,78,49,55,-8,81,0.15625,72,0,1311
468,Warm Thoughts,Flume,41589,168,88,53,-7,61,0.1583333333,4,1,9631
469,Sleepless,Flume,41589,175,69,53,-7,39,0.1451388889,3,2,6618
470,Holdin On,Flume,41589,90,44,43,-5,22,0.1069444444,17,2,2628
471,Birthday Card,Marcus Marr,42342,123,84,70,-7,51,0.3236111111,6,16,3445
472,Are You What You Want to Be?,Foster The People,41712,126,82,60,-5,60,0.1881944444,1,56,9081
473,I Would Do Anything for You,Foster The People,40686,128,85,60,-6,44,0.1486111111,4,58,6140
474,Waste,Foster The People,40686,126,74,68,-6,85,0.1430555556,6,56,9876
475,Best Friend,Foster The People,41712,114,87,65,-4,80,0.1861111111,1,56,8360
476,Call It What You Want,Foster The People,40686,113,97,64,-4,73,0.1659722222,5,60,9772
477,Don't Stop (Color on the Walls),Foster The People,40686,133,95,61,-4,79,0.1215277778,0,61,7093
478,Helena Beat,Foster The People,40686,127,88,67,-5,74,0.1916666667,1,62,4703
479,Changing Of The Seasons,Two Door Cinema Club,41275,130,88,54,-4,62,0.1548611111,0,6,768
480,Undercover Martyn,Two Door Cinema Club,40216,160,86,44,-5,58,0.1166666667,0,11,4034
481,Something Good Can Work,Two Door Cinema Club,40216,120,83,65,-5,68,0.1138888889,1,12,5249
482,What You Know,Two Door Cinema Club,40216,139,76,56,-4,81,0.1326388889,0,19,3508
483,Houdini,Foster The People,40686,110,91,63,-4,76,0.1402777778,1,66,2957
484,Jackie and Wilson,Hozier,41919,82,73,56,-4,74,0.1548611111,6,12,745
485,Cherry Wine - Live,Hozier,41919,82,11,42,-15,23,0.1666666667,95,19,6016
486,Work Song,Hozier,41919,121,36,53,-8,26,0.1597222222,75,12,8620
487,1973 - Acoustic,James Blunt,39342,125,38,63,-11,35,0.1458333333,88,53,8036
488,Bonfire Heart,James Blunt,41565,118,82,57,-6,45,0.1652777778,18,57,5026
489,Jazz,Mick Jenkins,41863,125,61,64,-10,30,0.1805555556,25,3,524
490,Barcelona,George Ezra,41817,94,58,63,-9,17,0.13125,29,66,7154
491,Budapest,George Ezra,41817,128,45,71,-8,41,0.1395833333,9,75,8864
492,From Eden,Hozier,41707,109,53,48,-7,41,0.1541666667,40,50,3937
493,Cherry Wine - Live,Hozier,41530,131,8,50,-17,25,0.1666666667,96,37,5928
494,Angel of Small Death and the Codeine Scene,Hozier,41530,188,66,31,-7,30,0.1520833333,16,46,9735
495,Someone New,Hozier,41919,184,53,44,-6,60,0.1548611111,43,20,3309
496,From Eden - Live in America,Hozier,42216,153,78,35,-5,53,0.1868055556,46,32,3649
497,Baby Blue (feat. Chance the Rapper),Action Bronson,42086,85,49,83,-6,76,0.1944444444,25,63,6442
498,What About Us,Flume,2013,80,70,63,-8,39,0.2138888889,5,41,1632
499,This Song Is Not About a Girl,Flume,2013,140,67,73,-7,60,0.1763888889,14,47,5370
500,The Trouble With Us,Marcus Marr,42293,121,74,83,-5,84,0.1541666667,32,22,1761
501,Experience,Ludovico Einaudi,41536,92,42,41,-11,4,0.21875,93,49,9204
502,What You Wanted,How To Dress Well,41939,130,51,47,-10,19,0.2277777778,17,0,949
503,Life Round Here,James Blake,41275,145,74,43,-6,27,0.13125,69,44,4913
504,Life Round Here,James Blake,41372,145,66,61,-10,25,0.1506944444,41,49,3749
505,Limit To Your Love,James Blake,40544,140,28,78,-10,4,0.1923611111,55,55,3999
506,No Diggity,Nick Murphy / Chet Faker,41051,110,78,49,-5,41,0.1541666667,68,29,2116
507,Open,Rhye,41275,91,32,55,-11,23,0.1506944444,90,60,1988
508,The Fall,Rhye,41275,105,62,66,-13,78,0.15625,38,57,7792
509,Last Dance,Rhye,41275,90,41,78,-10,74,0.14375,52,48,8521
510,Verse,Rhye,41275,130,27,66,-12,35,0.1194444444,89,44,4406
511,Shed Some Blood,Rhye,41275,102,42,79,-12,67,0.1395833333,79,40,8643
512,3 Days,Rhye,41275,115,47,85,-11,64,0.1777777778,83,54,4201
513,One Of Those Summer Days,Rhye,41275,83,25,18,-12,12,0.1895833333,92,39,1887
514,Major Minor Love,Rhye,41275,118,31,55,-13,12,0.1638888889,83,39,422
515,Hunger,Rhye,41275,107,77,74,-10,95,0.1458333333,44,44,7293
516,Woman,Rhye,41275,108,30,44,-14,5,0.1111111111,92,39,6371
517,1998,Nick Murphy / Chet Faker,42214,100,46,76,-12,73,0.1555555556,13,19,7733
518,Gold (Flume Re-Work),Nick Murphy / Chet Faker,41828,140,44,33,-7,9,0.1854166667,33,16,7367
519,Drop the Game,Flume,2013,79,67,56,-5,44,0.1541666667,59,62,4457
520,True - Radio Mix,Nora En Pure,41855,122,91,73,-4,52,0.1291666667,1,38,2361
521,U Got My Body - Radio Mix,Nora En Pure,42177,122,81,74,-5,41,0.1493055556,11,43,71
522,Uruguay - EDX Radio Mix,Nora En Pure,42016,122,77,79,-6,33,0.1451388889,4,41,210
523,Come with Me - Radio Mix,Nora En Pure,41674,120,76,68,-7,28,0.1208333333,0,47,6239
524,Rapp Snitch Knishes feat. Mr. Fantastik,MF DOOM,2004,95,83,73,-7,83,0.1201388889,33,55,1220
525,Retrograde,James Blake,41372,77,25,29,-11,19,0.1555555556,87,63,9345
526,Firefly,Mura Masa,42104,110,45,79,-9,46,0.1583333333,42,5,1025
527,On My Way,Reo Cragun,42951,130,46,65,-9,35,0.1409722222,50,50,9569
528,Say A',A Boogie Wit da Hoodie,42999,161,81,83,-5,85,0.1493055556,39,0,9882
529,Crisis (feat. 21 Savage),Rich Brian,43049,145,67,90,-6,67,0.15,7,31,2998
530,Afraid of Us,Jonwayne,42783,82,82,68,-6,48,0.3090277778,69,42,7805
531,These Words Are Everything,Jonwayne,42783,80,58,60,-6,51,0.2166666667,77,44,3877
532,Ric Flair Drip (& Metro Boomin),Offset,43038,100,43,88,-8,33,0.1201388889,15,80,2149
533,Big Fish,Vince Staples,42909,100,55,90,-6,76,0.1375,48,62,8543
534,745,Vince Staples,42909,119,48,79,-10,22,0.1583333333,12,57,8471
535,Blakkst Skn,Rejjie Snow,42328,130,78,89,-5,39,0.1465277778,4,35,6671
536,Crooked Cops (feat. Tish Hyman),Rejjie Snow,42755,137,76,66,-5,49,0.1583333333,4,25,9430
537,Flexin' (feat. Ebenezer),Rejjie Snow,42823,139,67,81,-5,24,0.1590277778,0,27,890
538,Virgo (feat. Pell),Rejjie Snow,42957,142,68,89,-4,76,0.1479166667,14,27,2361
539,Désolé,Rejjie Snow,43117,83,57,64,-7,25,0.1625,13,18,3151
540,Egyptian Luvr (feat. Aminé and Dana Williams),Rejjie Snow,43117,105,59,83,-8,90,0.1784722222,6,43,8878
541,What's the Use?,Mac Miller,43315,105,49,76,-10,56,0.2006944444,74,68,9148
542,Praise The Lord (Da Shine) (feat. Skepta),A$AP Rocky,43245,80,57,85,-8,29,0.1423611111,6,80,7253
543,Hopeless Romantic (feat. Swae Lee),Wiz Khalifa,43272,127,49,87,-7,59,0.15625,30,58,3129
544,Don’t Matter To Me (with Michael Jackson),Drake,43280,103,32,83,-12,14,0.1708333333,49,74,3495
545,Summertime Magic,Childish Gambino,43292,100,58,76,-7,13,0.1486111111,1,73,311
546,OTW,Khalid,43210,73,68,65,-6,28,0.1826388889,18,78,2694
547,Adore,I:Cube,36290,111,91,60,-8,36,0.2930555556,7,34,2975
548,Am I Wrong - Original Version,Étienne de Crécy,40966,125,85,53,-4,43,0.1611111111,9,36,5147
549,Around the World,Daft Punk,35446,121,80,96,-5,84,0.2986111111,0,67,4268
550,Baby I'm Yours - feat. Irfane,Breakbot,41169,118,79,83,-4,76,0.15,73,70,2533
551,Breathe,Télépopmusik,37011,114,65,69,-14,57,0.2055555556,42,14,6693
552,Cassius 1999 (Radio Edit),Cassius,1999,127,81,82,-9,77,0.1541666667,0,49,5404
553,The Child,Alex Gopher,36161,108,87,87,-6,71,0.1909722222,7,43,8857
554,Chrystal City,Alan Braxe,37996,124,96,70,-9,85,0.1680555556,18,38,3181
555,D.A.N.C.E,Justice,39244,113,96,61,-5,50,0.1680555556,3,66,1227
556,Diamond Veins (feat. Sarah Rebecca),French 79,42664,100,54,50,-10,9,0.1666666667,0,53,4091
557,DVNO (Radio Edit),Justice,39531,124,95,61,-3,63,0.1333333333,1,33,8081
558,Embody,Sebastian,40693,104,83,34,-3,71,0.1569444444,24,44,4132
559,Feeling for You,Cassius,1999,133,77,83,-10,73,0.1930555556,0,51,986
560,Flat Beat - Radio Edit,Mr. Oizo,36234,129,44,93,-11,59,0.1645833333,0,43,3774
561,Gym tonic - Original,Bob Sinclar,36039,130,64,79,-4,37,0.2583333333,1,41,2695
562,I <3 U SO,Cassius,40707,189,80,13,-6,14,0.1541666667,1,4,5773
563,If I Ever Feel Better,Phoenix,2000,120,51,78,-10,81,0.1548611111,8,39,6293
564,In Love With You,The Paradise,37666,121,90,43,-6,12,0.1763888889,0,42,6796
565,In Your Arms (We Gonna Make It),Benjamin Diamond,36788,126,70,78,-8,82,0.18125,0,39,8236
566,Intro,Alan Braxe,36617,124,85,86,-6,61,0.2048611111,3,48,7369
567,La Mouche (DJ Falcon Metal Mix),Cassius,1999,131,90,76,-5,40,0.3736111111,0,40,5101
568,La ritournelle,Sébastien Tellier,37987,103,72,56,-11,53,0.3152777778,0,53,5741
569,Lady - Hear Me Tonight,Modjo,2001,126,81,72,-6,87,0.2131944444,1,64,7038
570,Look,Sébastien Tellier,2008,90,39,91,-8,82,0.1902777778,55,2,148
571,Lucky Star,Superfunk,2000,126,68,78,-7,90,0.2055555556,5,46,2127
572,The Man With The Red Face - Video Edit,Laurent Garnier,36563,132,73,69,-11,44,0.3826388889,2,46,6946
573,Midnight City,M83,40833,105,73,51,-5,27,0.1694444444,2,70,9226
574,Mothership Reconnection (feat.Parliament/Funkadelic) - (Daft Punk Remix),Scott Grooves,38807,126,83,85,-5,78,0.1673611111,9,41,9156
575,Music Sounds Better With You - Radio Edit,Stardust,35996,124,66,73,-7,36,0.18125,0,54,7810
576,Musique,Daft Punk,1995,117,89,82,-7,83,0.2875,0,47,5175
577,In My Life - Remastered 2009,The Beatles,24079,103,44,69,-11,44,0.1013888889,45,70,3570
578,Help! - Remastered 2009,The Beatles,23960,95,73,53,-8,76,0.09722222222,19,70,6173
579,I Me Mine - Remastered 2009,The Beatles,25696,185,64,29,-8,53,0.1013888889,18,49,1746
580,Let It Be - Remastered 2009,The Beatles,25696,143,40,44,-8,41,0.16875,63,77,8654
581,Here Comes The Sun - Remastered 2009,The Beatles,25472,129,54,56,-10,39,0.1291666667,3,80,7573
582,Twist And Shout - Remastered 2009,The Beatles,23092,125,85,48,-9,94,0.1076388889,64,73,3675
583,Hey Jude - Remastered 2015,The Beatles,36843,147,61,39,-8,53,0.2958333333,1,77,4356
584,While My Guitar Gently Weeps - Remastered 2009,The Beatles,25164,115,65,45,-9,70,0.1979166667,2,65,3627
585,San Francisco (Be Sure to Wear Flowers In Your Hair),Scott McKenzie,2001,113,51,57,-10,65,0.1243055556,43,43,1003
586,Everybody's Talkin' - 1989 Remastered,Harry Nilsson,2001,125,54,51,-9,66,0.1125,22,36,9999
587,All Along the Watchtower,Jimi Hendrix,25136,113,81,44,-6,56,0.1673611111,0,74,5444
588,Imagine - Remastered,John Lennon,26185,76,26,55,-12,17,0.1305555556,91,75,9960
589,Oh! Darling - Remastered 2009,The Beatles,25472,174,66,42,-8,55,0.14375,1,64,3652
590,Love Me Do - Mono / Remastered,The Beatles,36843,148,88,52,-4,76,0.09722222222,40,57,1187
591,I've Got A Feeling - Remastered 2009,The Beatles,25696,165,61,44,-9,36,0.1513888889,7,51,7775
592,Rocky Raccoon - Remastered 2009,The Beatles,25164,79,36,60,-12,65,0.1479166667,33,55,9689
593,Computer Love - 2009 Remaster,Kraftwerk,1981,125,62,71,-11,52,0.3048611111,80,42,3314
594,Rebel Rebel - 2016 Remaster,David Bowie,27173,126,69,64,-16,46,0.1909722222,21,71,5010
595,Under Pressure - Remastered,Queen,30074,114,71,67,-8,51,0.1722222222,44,72,4820
596,Space Oddity - 2015 Remaster,David Bowie,25511,140,44,30,-13,43,0.2215277778,7,69,8972
597,Can't Buy Me Love - Remastered 2015,The Beatles,36843,172,76,43,-4,96,0.09097222222,12,56,5946
598,Lean on Me,Bill Withers,26420,75,22,62,-14,42,0.1798611111,78,67,7309
599,Africa,Toto,30049,93,37,67,-18,73,0.2055555556,26,82,444
600,Rock & Roll Part 2,Gary Glitter,1984,129,31,71,-11,40,0.1340277778,0,1,8925
601,Hey Bulldog - Remastered 2009,The Beatles,25220,100,62,59,-9,95,0.1326388889,2,49,1954
602,All You Need Is Love - Remastered 2009,The Beatles,25220,103,46,40,-8,63,0.1604166667,35,42,7009
603,Pepperland - Remastered 2009,George Martin,25220,113,28,35,-12,37,0.09791666667,66,36,4331
604,Night Patrol,Lifelike,41624,120,92,68,-4,69,0.3263888889,11,42,5336
605,Nightcall,Kavinsky,2010,91,86,54,-5,45,0.1791666667,1,65,5404
606,One out of Two (feat. Irfane) - Oliver Remix,Breakbot,41078,118,79,75,-5,92,0.1791666667,2,2,2573
607,Peace and tranquility to earth,Roudoudou,1998,98,63,70,-7,17,0.1763888889,1,49,6307
608,Pocket Piano,DJ Mehdi,39790,118,81,59,-7,43,0.1895833333,5,2,7727
609,Poison Lips,Vitalic,40084,126,92,63,-5,50,0.1625,0,52,7925
610,Polocaust,Mr Oizo & Gaspard Augé,40371,108,23,37,-14,4,0.1284722222,79,29,4091
611,Prix choc,Étienne de Crécy,35796,128,92,75,-11,79,0.3694444444,23,43,8434
612,Sacré français,Dimitri From Paris,41960,190,88,69,-8,47,0.2041666667,2,39,8379
613,See Me Now,Cassius,2006,105,78,82,-8,77,0.1611111111,0,33,2232
614,Sexy Boy,Air,35811,112,65,44,-6,21,0.2069444444,0,56,2172
615,Signatune - Thomas Bangalter Edit,DJ Mehdi,39209,123,73,48,-10,19,0.1520833333,0,3,6097
616,The Sound of Violence,Cassius,2002,120,85,71,-6,62,0.3006944444,0,42,5206
617,Starlight (Radio Edit),The Supermen Lovers,36892,127,68,74,-5,79,0.1625,0,60,296
618,Sunchild,Cassius,41435,123,59,47,-9,22,0.2277777778,4,32,7684
619,Toop Toop,Cassius,2006,132,84,77,-5,92,0.1159722222,9,51,6218
620,You Are My High,Demon,36161,121,93,64,-5,24,0.1590277778,0,47,7489
621,0 To 100 / The Catch Up,Drake,41469,89,71,71,-4,50,0.1909722222,76,69,3467
622,1-800-273-8255,Logic,42860,100,57,62,-8,35,0.1736111111,57,79,3692
623,2100 (feat. BOOTS),Run The Jewels,42729,98,80,68,-6,10,0.1673611111,3,42,3404
624,3005,Childish Gambino,41275,166,46,47,-6,62,0.1625,15,20,7385
625,A.D.H.D,Kendrick Lamar,40726,158,80,61,-7,58,0.15,33,67,1356
626,Above The Clouds - Feat. Inspectah Deck,Gang Starr,35796,172,95,49,-3,62,0.1541666667,37,1,5020
627,"Accordian (feat. M.e.d. Aka Medaphor, Lord Quas, WildChild, Viktor Vaughn & Stacy Epps)",Madvillain,38069,97,64,57,-6,71,0.08194444444,3,0,8681
628,Ain't Gon' Stop,Sol,42433,95,62,89,-4,78,0.15,22,43,1181
629,All Caps,Madvillain,41772,86,90,45,-8,61,0.09027777778,26,0,5623
630,All Caps,Madvillain,38070,83,89,36,-8,64,0.09027777778,26,0,1650
631,All Eyez On Me,2Pac,1996,93,72,87,-6,86,0.2138888889,3,73,5711
632,All Of The Lights (Interlude),Kanye West,40179,111,8,30,-17,50,0.04305555556,90,56,1051
633,All Quiet on the West Side,Injury Reserve,42719,122,63,67,-9,29,0.1111111111,24,38,3792
634,All This Money,Injury Reserve,42719,184,65,69,-5,50,0.1375,10,46,6500
635,Amnesia,Freddie Gibbs,42825,152,67,71,-6,31,0.1381944444,3,45,9436
636,Apparently,J. Cole,41982,134,54,80,-9,53,0.2034722222,56,66,8049
637,Are You Around,Michael Christmas,42300,89,70,86,-7,91,0.1402777778,48,26,8072
638,The Art of Peer Pressure,Kendrick Lamar,2012,95,61,56,-9,41,0.2256944444,29,54,4268
639,Award Tour,A Tribe Called Quest,34282,97,60,81,-9,56,0.1569444444,0,61,4393
640,Backseat Freestyle,Kendrick Lamar,2012,78,65,55,-8,65,0.1479166667,0,64,9803
641,Big Poppa,The Notorious B.I.G.,34590,84,58,78,-7,76,0.1756944444,43,72,6476
642,"Bitch, Don’t Kill My Vibe",Kendrick Lamar,2012,134,70,59,-9,10,0.2159722222,2,62,7382
643,Bonita Applebum - includes 'Can I Kick It' Intro,A Tribe Called Quest,32980,92,70,85,-5,65,0.1597222222,9,48,8851
644,Broad Shoulders (feat. Chance the Rapper),Taylor Bennett,42352,128,52,60,-9,45,0.1576388889,82,52,1248
645,C.R.E.A.M.,Wu-Tang Clan,34282,181,55,48,-11,58,0.175,57,71,7692
646,California Love - Original Version,2Pac,39083,92,85,76,-3,77,0.1972222222,3,64,9463
647,Call Ticketron,Run The Jewels,42729,120,66,83,-10,52,0.1381944444,11,50,7125
648,Can I Kick It?,A Tribe Called Quest,32980,97,67,85,-7,74,0.175,17,68,4460
649,Can I Kick It? - J. Cole Remix,A Tribe Called Quest,32980,97,42,90,-6,51,0.1173611111,43,43,1387
650,Can't Get Enough,J. Cole,40809,132,62,77,-7,59,0.1569444444,14,5,5782
651,Can't Tell Me Nothing,Kanye West,39083,80,61,59,-6,10,0.1888888889,1,30,7443
652,Canal St.,A$AP Rocky,42150,137,58,70,-9,52,0.1576388889,31,64,1178
653,Classic Man - Remix,Jidenna,42177,94,66,85,-5,64,0.1631944444,12,51,4065
654,CoCo,O.T. Genasis,41953,120,63,89,-6,18,0.1666666667,0,62,190
655,Collard Greens,ScHoolboy Q,41640,154,57,83,-5,65,0.2083333333,3,69,1634
656,Confess,Logic,42860,123,97,74,-3,53,0.2381944444,30,52,7329
657,Congratulations,Post Malone,42713,123,80,63,-4,49,0.1527777778,22,82,1610
658,Cut It (feat. Young Dolph),O.T. Genasis,42272,130,67,88,-4,23,0.1548611111,14,61,623
659,D.R.U.G.S.,Ab-Soul,42713,132,45,72,-11,42,0.2479166667,22,51,9670
660,Days Passed Me By,Kooley High,40883,78,52,69,-8,57,0.1284722222,33,0,988
661,Dear Mama,2Pac,34700,84,54,77,-7,31,0.1944444444,38,67,3490
662,Devil In A New Dress,Kanye West,40179,80,76,43,-5,21,0.2444444444,2,63,9481
663,Down (feat. Joi),Run The Jewels,42729,74,59,59,-8,16,0.1458333333,30,46,66
664,Electric Body,A$AP Rocky,42150,120,60,90,-7,53,0.1770833333,49,61,5066
665,Electric Relaxation,A Tribe Called Quest,36459,98,53,87,-9,84,0.1569444444,18,63,8932
666,Everybody,Logic,42860,110,94,89,-6,77,0.1125,16,68,4329
667,Everything I Am,Kanye West,39083,80,63,59,-7,73,0.1583333333,46,22,6773
668,Excuse Me,A$AP Rocky,42150,122,71,65,-8,41,0.1652777778,33,62,6255
669,"F**kin' Problems (feat. Drake, 2 Chainz & Kendrick Lamar)",A$AP Rocky,41285,96,69,87,-7,67,0.1625,2,20,1163
670,Fashion Killa,A$AP Rocky,41285,140,82,79,-5,79,0.1638888889,32,11,9213
671,Father Stretch My Hands Pt. 1,Kanye West,42461,113,57,72,-4,38,0.09444444444,14,0,8553
672,Flashing Lights,Kanye West,39083,90,65,63,-8,51,0.1652777778,3,30,6076
673,For The Love,GRiZ,42094,90,82,54,-5,50,0.1951388889,24,31,5950
674,Foreplay,Jalen Santoy,42692,119,32,79,-7,54,0.11875,14,58,3704
675,Get Right Witcha,Migos,42762,137,74,95,-6,62,0.1791666667,6,65,2968
676,Going Back To Cali,The Notorious B.I.G.,35493,99,55,88,-8,57,0.2131944444,18,1,8935
677,Gold Soul Theory,The Underachievers,41474,79,79,52,-5,63,0.1277777778,19,48,1127
678,Goldie,A$AP Rocky,41285,82,84,68,-5,74,0.1333333333,22,11,8869
679,Good Grief (feat. Diamante),Flatbush Zombies,42440,135,39,73,-10,40,0.1881944444,11,46,6466
680,goosebumps,Travis Scott,42629,130,73,84,-3,43,0.1694444444,8,81,8181
681,Grab Her Hand,Michael Christmas,42300,127,54,82,-6,84,0.1895833333,33,40,6293
682,Growing Pains,Ludacris,36892,84,71,72,-6,73,0.2006944444,5,1,9537
683,Halftime,Nas,34443,92,79,77,-7,65,0.18125,3,58,7641
684,Hate,Michael Christmas,42300,83,61,80,-6,79,0.1368055556,1,28,7038
685,Helicopter,Antwon,40815,174,90,39,-5,60,0.1645833333,36,29,8153
686,Hey Ya! - Radio Mix / Club Mix,OutKast,37887,80,97,72,-2,96,0.1631944444,6,19,4826
687,Hypnotize,The Notorious B.I.G.,35493,94,57,92,-5,66,0.1597222222,13,7,2426
688,I Got a Story to Tell,The Notorious B.I.G.,35521,94,70,88,-8,56,0.1965277778,23,41,9866
689,I'm so Groovy,Future,42951,138,48,94,-10,39,0.1819444444,4,13,5577
690,I've Seen Footage,Death Grips,41019,130,94,60,-4,42,0.1409722222,5,54,9438
691,If I Ruled the World (Imagine That) (feat. Lauryn Hill),Nas,35248,94,56,88,-8,52,0.1958333333,5,67,4675
692,In the Morning,J. Cole,40809,83,67,44,-11,48,0.1625,76,4,282
693,It Ain't Hard to Tell,Nas,34443,91,73,69,-6,36,0.1402777778,0,58,2896
694,It Was A Good Day,Ice Cube,33925,82,75,80,-5,80,0.1805555556,32,71,5464
695,Jazz,Mick Jenkins,41863,125,61,64,-10,30,0.1805555556,25,60,7569
696,Juicy,The Notorious B.I.G.,34590,96,82,89,-5,78,0.2104166667,47,75,9390
697,Jumpman,Drake,42267,142,55,85,-7,66,0.1430555556,6,72,9969
698,Knock On Wood,DJ Hotday,40479,105,65,83,-13,75,0.09305555556,7,35,6463
699,Know Me From,Stormzy,42071,185,73,50,-9,78,0.1347222222,40,0,793
700,L$D,A$AP Rocky,42150,120,25,60,-15,4,0.1652777778,19,71,6071
701,The L.A. Song,People Under The Stairs,37774,91,91,84,-3,73,0.1854166667,9,41,710
702,Legend Has It,Run The Jewels,42729,121,56,83,-7,47,0.1430555556,3,57,2123
703,Let Me Blow Ya Mind,Eve,36892,90,54,91,-4,87,0.1597222222,24,69,7771
704,Life's a Bitch (feat. AZ & Olu Dara),Nas,34443,90,73,78,-5,34,0.1465277778,0,55,8418
705,m.A.A.d city,Kendrick Lamar,2012,91,73,49,-7,22,0.2430555556,5,62,8381
706,Mask Off,Future,42951,150,43,83,-9,28,0.1423611111,1,45,2957
707,"Me, Myself & I",G-Eazy,42342,112,67,76,-7,38,0.1743055556,2,74,2172
708,Memory Lane (Sittin' in da Park),Nas,34443,90,84,65,-4,62,0.1722222222,31,52,2411
709,The Message,Nas,35248,178,54,61,-7,49,0.1625,1,61,9619
710,Metronome (feat. Wiki),Antwon,41765,100,67,71,-8,19,0.1090277778,0,17,4429
711,Mo Money Mo Problems (feat. Mase & Puff Daddy),The Notorious B.I.G.,35493,104,87,86,-5,92,0.1756944444,3,9,8718
712,Money Trees,Kendrick Lamar,2012,72,53,72,-7,34,0.26875,7,60,4348
713,Ms. Jackson,OutKast,36830,95,81,84,-6,62,0.1881944444,14,75,5814
714,N.Y. State of Mind,Nas,1994,84,91,67,-5,89,0.2041666667,4,62,1984
715,Next Levels,King Geedorah,37789,93,56,73,-11,90,0.1590277778,65,47,3276
716,Nice Guys Finish Thirst,Name UL,42614,119,84,48,-8,83,0.1465277778,3,29,8967
717,No More Parties In LA,Kanye West,42461,92,92,48,-2,71,0.2597222222,24,0,778
718,No Role Modelz,J. Cole,41982,100,52,70,-8,46,0.2034722222,30,79,329
719,No Tellin',Drake,42047,95,48,83,-10,56,0.2159722222,54,60,6522
720,Notorious Thugs,The Notorious B.I.G.,35493,155,74,76,-7,74,0.2555555556,16,2,9489
721,O Heaven,Blu,41156,90,72,46,-7,73,0.1388888889,13,2,724
722,Old Thing Back (feat. Ja Rule and Ralph Tresvant),Matoma,42052,97,86,81,-3,52,0.2236111111,19,68,7745
723,One Dance,Drake,42465,104,62,78,-6,35,0.1208333333,1,6,479
724,One Love (feat. Q-Tip),Nas,34443,93,69,77,-7,81,0.2263888889,22,51,1732
725,One Night,Lil Yachty,42556,130,48,76,-13,38,0.16875,37,69,2490
726,Only One,Kanye West,42012,102,25,72,-6,13,0.1944444444,94,57,75
727,Otha Fish,The Pharcyde,33932,77,85,76,-8,94,0.2236111111,11,0,8130
728,Passin' Me By,The Pharcyde,33932,87,76,76,-8,56,0.2104166667,8,1,6210
729,Phoenix,A$AP Rocky,41285,144,51,65,-11,50,0.1625,58,7,9499
730,Pick Up The Phone (feat. Quavo),Young Thug,42608,137,72,71,-4,46,0.175,12,1,1109
731,Poetic Justice,Kendrick Lamar,2012,136,57,78,-10,65,0.2083333333,16,64,6972
732,POWER,Kanye West,40179,154,92,54,-5,58,0.2027777778,2,75,193
733,Pt. 2,Kanye West,42461,145,73,62,-4,27,0.09027777778,55,0,4119
734,Push It Along,A Tribe Called Quest,32980,95,70,54,-8,62,0.3152777778,33,37,173
735,RAF,A$AP Mob,42877,134,66,85,-6,33,0.1770833333,52,64,45
736,Rain Song (feat. Lil Ugly Mane),Antwon,41765,113,81,49,-7,14,0.2451388889,2,25,6373
737,Represent,Nas,34443,92,83,70,-5,62,0.1756944444,2,54,3086
738,Rhymes Like Dimes,MF DOOM,2011,200,76,49,-6,79,0.1798611111,66,0,5036
739,Runnin',The Pharcyde,34700,94,78,76,-8,84,0.2055555556,3,10,1754
740,She Said,The Pharcyde,34700,79,69,79,-7,61,0.2194444444,10,47,465
741,"Shook Ones, Pt. II",Mobb Deep,34814,94,79,76,-6,50,0.2263888889,1,72,9857
742,Shut Up - Studio Version,Stormzy,42258,87,67,46,-10,95,0.1256944444,83,1,1638
743,"Sing About Me, I'm Dying Of Thirst",Kendrick Lamar,2012,111,75,65,-8,37,0.5027777778,30,56,8401
744,The Single,Jonwayne,42783,138,65,42,-9,40,0.06944444444,2,0,517
745,Sittin in Hell,Antwon,41123,136,92,62,-3,32,0.1569444444,54,30,5963
746,Smoke Break (Interlude),Flatbush Zombies,42440,100,32,71,-16,12,0.08611111111,67,48,7489
747,"So Fresh, So Clean",OutKast,36830,166,64,73,-8,92,0.1666666667,3,63,8105
748,So It Goes,RATKING,41736,130,94,53,-4,48,0.2305555556,2,24,6775
749,A Spike Lee Joint (feat. Anthony Flammia),Flatbush Zombies,42440,106,51,79,-12,48,0.1770833333,14,49,1875
750,Stronger,Kanye West,39083,104,73,63,-8,48,0.2166666667,1,37,4515
751,Summer,Raf Riley,42206,142,54,91,-4,74,0.1131944444,52,35,6823
752,Summers Over Interlude,Drake,42496,132,28,69,-9,32,0.07361111111,33,55,7998
753,Superstar (feat. Matthew Santos),Lupe Fiasco,39083,95,82,57,-6,47,0.2006944444,21,63,4631
754,Surviving the Times,Nas,39392,96,60,75,-8,35,0.1972222222,4,34,9823
755,Swimming Pools (Drank),Kendrick Lamar,40909,74,45,58,-6,19,0.1722222222,1,68,9913
756,T-Shirt,Migos,42748,139,69,87,-4,49,0.1680555556,24,46,8274
757,Take It Back,Logic,42860,135,84,84,-4,69,0.2777777778,6,59,9149
758,THat Part,ScHoolboy Q,42559,113,54,93,-8,34,0.2180555556,9,64,4665
759,That's That,MF DOOM,2009,96,73,50,-5,85,0.09375,24,0,675
760,Touch The Sky,Kanye West,38625,106,85,60,-5,55,0.1638888889,2,64,9095
761,Trade-Off,Flatbush Zombies,42440,140,45,86,-9,15,0.1729166667,4,52,2400
762,Tuesday (feat. Drake),ILOVEMAKONNEN,41883,140,67,78,-6,45,0.2236111111,19,36,2051
763,Ultralight Beam,Kanye West,42461,106,40,59,-9,36,0.2229166667,63,0,2902
764,untitled 02 | 06.23.2014.,Kendrick Lamar,42433,85,51,53,-10,10,0.1798611111,34,58,7386
765,untitled 03 | 05.28.2013.,Kendrick Lamar,42433,104,55,83,-12,55,0.1069444444,59,52,3285
766,Versace (Remix),Migos,42010,132,71,85,-4,33,0.1708333333,2,60,6546
767,Wet Dreamz,J. Cole,41982,175,71,50,-8,58,0.1659722222,8,75,6616
768,When I B On Tha Mic,Rakim,36161,96,49,84,-7,80,0.1548611111,5,64,5753
769,Wild for the Night (feat. Skrillex & Birdy Nam Nam),A$AP Rocky,41285,140,86,76,-4,69,0.1479166667,5,15,7378
770,Work Out,J. Cole,40809,93,43,83,-7,22,0.1631944444,5,9,9344
771,The World Is Yours,Nas,34443,87,79,68,-6,54,0.2020833333,27,58,2746
772,Xxplosive,Dr. Dre,36480,169,88,78,-4,93,0.1493055556,20,62,2135
773,Yamborghini High,A$AP Mob,42398,138,77,84,-6,64,0.2097222222,3,67,5283
774,Your Favorite Rap Song,Flatbush Zombies,42440,78,62,48,-10,55,0.5416666667,90,46,5865
775,Youthful Expression,A Tribe Called Quest,32980,109,58,87,-7,48,0.2034722222,5,37,2046